{
  "model_name": "snowflake-arctic-embed",
  "device": "ollama",
  "embedding_dimension": 1024,
  "evaluations": {
    "semantic_similarity": {
      "accuracy": 0.3333333333333333,
      "correlation": -0.6514087560088128,
      "mae": 0.13699441370380702,
      "computed_similarities": [
        0.7773951331580407,
        0.7242937837355287,
        0.880477916019494,
        0.8561153346228949,
        0.736276836130858,
        0.8870640338502849,
        0.8268680151088411,
        0.849284574037391,
        0.7922742992143685,
        0.8397654413252513,
        0.9171728530752752,
        0.7971987513912675,
        0.7855082873068024,
        0.792677639961477,
        0.8593952656334815
      ],
      "expected_similarities": [
        0.85,
        0.8,
        0.7,
        0.75,
        0.95,
        0.65,
        0.8,
        0.75,
        0.85,
        0.6,
        0.7,
        0.65,
        0.9,
        0.95,
        0.75
      ]
    },
    "clustering": {
      "silhouette_score": 0.07298100996339363,
      "cluster_coherence": 0.8099253682246832,
      "cluster_separation": 0.2717192092479373,
      "n_clusters": 8,
      "predicted_labels": [
        3,
        0,
        1,
        4,
        5,
        3,
        3,
        6,
        0,
        2,
        5,
        1,
        1,
        1,
        5,
        4,
        1,
        4,
        5,
        4,
        7,
        7,
        1,
        5,
        2,
        4,
        5,
        1,
        3,
        5,
        3,
        1,
        1,
        1,
        4,
        5,
        5,
        5,
        0,
        3
      ],
      "true_labels": [
        0,
        0,
        0,
        0,
        0,
        1,
        1,
        1,
        1,
        1,
        2,
        2,
        2,
        2,
        2,
        3,
        3,
        3,
        3,
        3,
        4,
        4,
        4,
        4,
        4,
        5,
        5,
        5,
        5,
        5,
        6,
        6,
        6,
        6,
        6,
        7,
        7,
        7,
        7,
        7
      ]
    },
    "entity_recognition": {
      "entity_clustering": {
        "silhouette_score": 0.19116705316816218,
        "cluster_coherence": 0.8383361250872972,
        "cluster_separation": 0.250228093990915,
        "n_clusters": 4,
        "predicted_labels": [
          2,
          1,
          2,
          0,
          3,
          2,
          2,
          3,
          3,
          2,
          3,
          3,
          3,
          2,
          3,
          0,
          0,
          2,
          3,
          3,
          3,
          3,
          2,
          3,
          1,
          1,
          3,
          3,
          1,
          2,
          3,
          0
        ],
        "true_labels": [
          0,
          3,
          2,
          3,
          3,
          0,
          0,
          3,
          2,
          0,
          3,
          3,
          3,
          0,
          2,
          3,
          3,
          0,
          3,
          2,
          3,
          3,
          1,
          3,
          3,
          3,
          2,
          3,
          3,
          0,
          3,
          3
        ]
      },
      "avg_entity_text_similarity": 0.7915246942191635,
      "entity_text_similarities": [
        0.8307818935924817,
        0.7549809150471509,
        0.836195175356198,
        0.7704891523232167,
        0.7654005170807111,
        0.8171966551911468,
        0.7938601190384713,
        0.7487512932726799,
        0.8152690549622997,
        0.8166539872124048,
        0.777422711429126,
        0.7534842246540667,
        0.8034048608136419,
        0.820597694446966,
        0.7698346570736769,
        0.8326712355773431,
        0.8114514064454723,
        0.8120432481433203,
        0.755197655280084,
        0.8067778186158922,
        0.8454067869786998,
        0.824703266803662,
        0.769197473248594,
        0.7430230211677079,
        0.7936850912030295,
        0.7552404910897725,
        0.8117711088876054,
        0.7723289144752392,
        0.7740478387026237,
        0.7933111020970244,
        0.7489745819440552,
        0.8046362628588697
      ],
      "unique_entity_types": 4
    },
    "relation_extraction": {
      "graph_density": 0.031746031746031744,
      "avg_path_length": 0.0,
      "clustering_coefficient": 0.1904761904761905,
      "relation_coherence": 0.7753875566772521,
      "num_nodes": 28,
      "num_edges": 24
    },
    "embedding_quality": {
      "avg_pairwise_similarity": 0.7398782600096575,
      "embedding_variance": 0.10102389102528357,
      "norm_mean": 20.818871581501934,
      "norm_std": 0.29851455310282043,
      "embedding_dimension": 1024
    }
  },
  "overall_scores": {
    "semantic_similarity_score": 0.04537094818904683,
    "clustering_score": 0.33381195729868923,
    "entity_recognition_score": 0.4313101095885627,
    "knowledge_graph_score": 0.3768216893375676,
    "embedding_quality_score": 0.13865745888157352,
    "composite_score": 0.26519443265908793
  }
}