{
  "model_name": "all-minilm",
  "device": "ollama",
  "embedding_dimension": 384,
  "evaluations": {
    "semantic_similarity": {
      "accuracy": 0.2,
      "correlation": -0.6079026643774711,
      "mae": 0.38227069513690165,
      "computed_similarities": [
        0.22478044910503986,
        0.1002580681034358,
        0.6620634659744709,
        0.7018353416254894,
        0.0858065777291675,
        0.42882979203405436,
        0.5002238637875694,
        0.5157346098120335,
        0.2101753772432875,
        0.40438787047725633,
        0.7326808933853766,
        0.3637132511413316,
        0.3243701632757974,
        0.16401470533393345,
        0.5624269306889861
      ],
      "expected_similarities": [
        0.85,
        0.8,
        0.7,
        0.75,
        0.95,
        0.65,
        0.8,
        0.75,
        0.85,
        0.6,
        0.7,
        0.65,
        0.9,
        0.95,
        0.75
      ]
    },
    "clustering": {
      "silhouette_score": 0.08092812539786993,
      "cluster_coherence": 0.45401401305520533,
      "cluster_separation": 0.8209231123855535,
      "n_clusters": 8,
      "predicted_labels": [
        1,
        0,
        2,
        5,
        1,
        2,
        1,
        1,
        2,
        2,
        2,
        4,
        4,
        4,
        2,
        5,
        2,
        5,
        2,
        5,
        3,
        3,
        2,
        2,
        2,
        5,
        2,
        2,
        2,
        1,
        2,
        6,
        6,
        6,
        5,
        7,
        2,
        7,
        0,
        1
      ],
      "true_labels": [
        0,
        0,
        0,
        0,
        0,
        1,
        1,
        1,
        1,
        1,
        2,
        2,
        2,
        2,
        2,
        3,
        3,
        3,
        3,
        3,
        4,
        4,
        4,
        4,
        4,
        5,
        5,
        5,
        5,
        5,
        6,
        6,
        6,
        6,
        6,
        7,
        7,
        7,
        7,
        7
      ]
    },
    "entity_recognition": {
      "entity_clustering": {
        "silhouette_score": 0.2409670845893206,
        "cluster_coherence": 0.5507562710545246,
        "cluster_separation": 0.7886951631352977,
        "n_clusters": 4,
        "predicted_labels": [
          2,
          1,
          1,
          3,
          1,
          2,
          1,
          1,
          1,
          2,
          1,
          1,
          1,
          2,
          1,
          3,
          3,
          2,
          1,
          3,
          1,
          1,
          2,
          1,
          0,
          0,
          1,
          1,
          1,
          2,
          1,
          3
        ],
        "true_labels": [
          1,
          2,
          0,
          2,
          2,
          1,
          1,
          2,
          0,
          1,
          2,
          2,
          2,
          1,
          0,
          2,
          2,
          1,
          2,
          0,
          2,
          2,
          3,
          2,
          2,
          2,
          0,
          2,
          2,
          1,
          2,
          2
        ]
      },
      "avg_entity_text_similarity": 0.5229377123256221,
      "entity_text_similarities": [
        0.6349069209960898,
        0.440212161673081,
        0.6104263385175377,
        0.3597792529738808,
        0.4508866173367895,
        0.4834617437901466,
        0.5591116240276036,
        0.42433129945556447,
        0.5649333641623188,
        0.6091012181506595,
        0.561158487659013,
        0.4454404551627721,
        0.6522270345183486,
        0.5075206953944518,
        0.409807580567356,
        0.5906300147461994,
        0.6444563599386286,
        0.49782262829758883,
        0.4374644316162859,
        0.64838970770697,
        0.6683302442922627,
        0.5299153913838706,
        0.49388187014023893,
        0.44559825591656366,
        0.45477442797056467,
        0.46761041803220904,
        0.6446135464150561,
        0.47733376231238867,
        0.4009629411564804,
        0.44792460478119855,
        0.456570206344612,
        0.7144231889831796
      ],
      "unique_entity_types": 4
    },
    "relation_extraction": {
      "graph_density": 0.031746031746031744,
      "avg_path_length": 0.0,
      "clustering_coefficient": 0.1904761904761905,
      "relation_coherence": 0.25499178662035815,
      "num_nodes": 28,
      "num_edges": 24
    },
    "embedding_quality": {
      "avg_pairwise_similarity": 0.19380755208342235,
      "embedding_variance": 0.09232709434483093,
      "norm_mean": 6.906230807961506,
      "norm_std": 0.6069585880400981,
      "embedding_dimension": 384
    }
  },
  "overall_scores": {
    "semantic_similarity_score": -0.03961520477836877,
    "clustering_score": 0.34085288909260725,
    "entity_recognition_score": 0.3537553356838412,
    "knowledge_graph_score": 0.16866338131480993,
    "embedding_quality_score": 0.37654080266261847,
    "composite_score": 0.24003944079510164
  }
}