{
  "model_name": "llama3.1:latest",
  "device": "ollama",
  "embedding_dimension": 4096,
  "evaluations": {
    "semantic_similarity": {
      "accuracy": 0.4,
      "correlation": -0.39441074629591727,
      "mae": 0.1538802334319735,
      "computed_similarities": [
        0.8219884850371305,
        0.7883690574766027,
        0.9225362809591973,
        0.9019668508385772,
        0.5421820074554694,
        0.8479278893894189,
        0.605863963966729,
        0.7972195483276239,
        0.6186904898890994,
        0.7707436696328518,
        0.6049637343012249,
        0.6548064302353356,
        0.5331835022915323,
        0.779373090489347,
        0.7423828369962668
      ],
      "expected_similarities": [
        0.85,
        0.8,
        0.7,
        0.75,
        0.95,
        0.65,
        0.8,
        0.75,
        0.85,
        0.6,
        0.7,
        0.65,
        0.9,
        0.95,
        0.75
      ]
    },
    "clustering": {
      "silhouette_score": 0.10081913475177533,
      "cluster_coherence": 0.7505258455889023,
      "cluster_separation": 0.4389005871546083,
      "n_clusters": 8,
      "predicted_labels": [
        3,
        2,
        1,
        3,
        7,
        3,
        3,
        4,
        2,
        0,
        1,
        5,
        0,
        0,
        0,
        3,
        1,
        4,
        4,
        4,
        6,
        6,
        4,
        0,
        7,
        3,
        0,
        4,
        1,
        1,
        3,
        3,
        5,
        2,
        2,
        1,
        4,
        0,
        0,
        4
      ],
      "true_labels": [
        0,
        0,
        0,
        0,
        0,
        1,
        1,
        1,
        1,
        1,
        2,
        2,
        2,
        2,
        2,
        3,
        3,
        3,
        3,
        3,
        4,
        4,
        4,
        4,
        4,
        5,
        5,
        5,
        5,
        5,
        6,
        6,
        6,
        6,
        6,
        7,
        7,
        7,
        7,
        7
      ]
    },
    "entity_recognition": {
      "entity_clustering": {
        "silhouette_score": 0.28498552129670973,
        "cluster_coherence": 0.768893398220722,
        "cluster_separation": 0.4640888427330727,
        "n_clusters": 4,
        "predicted_labels": [
          3,
          1,
          0,
          2,
          2,
          3,
          3,
          2,
          0,
          3,
          2,
          2,
          2,
          3,
          0,
          2,
          2,
          3,
          2,
          0,
          2,
          2,
          1,
          2,
          1,
          1,
          0,
          2,
          1,
          3,
          2,
          2
        ],
        "true_labels": [
          1,
          0,
          3,
          0,
          0,
          1,
          1,
          0,
          3,
          1,
          0,
          0,
          0,
          1,
          3,
          0,
          0,
          1,
          0,
          3,
          0,
          0,
          2,
          0,
          0,
          0,
          3,
          0,
          0,
          1,
          0,
          0
        ]
      },
      "avg_entity_text_similarity": 0.41396687344396516,
      "entity_text_similarities": [
        0.5147965926658074,
        0.43165524398444843,
        0.5537241367581216,
        0.3146933401623782,
        0.4309139891389828,
        0.4539850484706901,
        0.4532838129579577,
        0.16786691627946598,
        0.5590521689474297,
        0.45546294155362055,
        0.384538703318227,
        0.2686493753103649,
        0.474426267080881,
        0.4488377591921698,
        0.5354804185694664,
        0.35868524686032854,
        0.5230002679353266,
        0.4428881129401192,
        0.35231876619902025,
        0.5880616852593854,
        0.463918086017415,
        0.31928806337157245,
        0.4236816737637069,
        0.394834528994388,
        0.3352668542228642,
        0.20227322126759184,
        0.5530110226799125,
        0.22161336076821256,
        0.3097579763835006,
        0.40017177362945594,
        0.40810877351794506,
        0.5026938220061276
      ],
      "unique_entity_types": 4
    },
    "relation_extraction": {
      "graph_density": 0.031746031746031744,
      "avg_path_length": 0.0,
      "clustering_coefficient": 0.1904761904761905,
      "relation_coherence": 0.6390058688419683,
      "num_nodes": 28,
      "num_edges": 24
    },
    "embedding_quality": {
      "avg_pairwise_similarity": 0.68669252979859,
      "embedding_variance": 1.3132810898039047,
      "norm_mean": 137.01170049277607,
      "norm_std": 1.5070480652070408,
      "embedding_dimension": 4096
    }
  },
  "overall_scores": {
    "semantic_similarity_score": 0.1714596547952384,
    "clustering_score": 0.36334743848348,
    "entity_recognition_score": 0.3365780621556119,
    "knowledge_graph_score": 0.32226901420345405,
    "embedding_quality_score": 0.4286228115112348,
    "composite_score": 0.32445539622980385
  }
}