{
  "model_name": "granite-embedding:278m",
  "device": "ollama",
  "embedding_dimension": 768,
  "evaluations": {
    "semantic_similarity": {
      "accuracy": 0.4,
      "correlation": 0.06114069021417952,
      "mae": 0.11075526111153762,
      "computed_similarities": [
        0.6490819216759274,
        0.6305522085125407,
        0.8554054120432077,
        0.8084778259664733,
        0.8130935457452904,
        0.7787045603294245,
        0.7781195050314702,
        0.7180232810374949,
        0.709227840398243,
        0.739773832526247,
        0.9003013952548625,
        0.6785829529284169,
        0.7252289038429031,
        0.8937258718263728,
        0.7328639843053253
      ],
      "expected_similarities": [
        0.85,
        0.8,
        0.7,
        0.75,
        0.95,
        0.65,
        0.8,
        0.75,
        0.85,
        0.6,
        0.7,
        0.65,
        0.9,
        0.95,
        0.75
      ]
    },
    "clustering": {
      "silhouette_score": 0.07644928384403868,
      "cluster_coherence": 0.7177861586879191,
      "cluster_separation": 0.37479448651787056,
      "n_clusters": 8,
      "predicted_labels": [
        1,
        1,
        2,
        4,
        0,
        1,
        5,
        1,
        1,
        4,
        7,
        2,
        2,
        2,
        7,
        4,
        5,
        4,
        5,
        4,
        6,
        6,
        7,
        7,
        7,
        4,
        0,
        4,
        1,
        5,
        4,
        3,
        3,
        3,
        4,
        5,
        0,
        5,
        5,
        0
      ],
      "true_labels": [
        0,
        0,
        0,
        0,
        0,
        1,
        1,
        1,
        1,
        1,
        2,
        2,
        2,
        2,
        2,
        3,
        3,
        3,
        3,
        3,
        4,
        4,
        4,
        4,
        4,
        5,
        5,
        5,
        5,
        5,
        6,
        6,
        6,
        6,
        6,
        7,
        7,
        7,
        7,
        7
      ]
    },
    "entity_recognition": {
      "entity_clustering": {
        "silhouette_score": 0.19641309545318664,
        "cluster_coherence": 0.737028102442384,
        "cluster_separation": 0.3792544911873006,
        "n_clusters": 4,
        "predicted_labels": [
          1,
          3,
          1,
          0,
          2,
          1,
          3,
          2,
          0,
          1,
          2,
          2,
          2,
          1,
          2,
          0,
          0,
          1,
          3,
          0,
          2,
          2,
          1,
          2,
          3,
          3,
          2,
          2,
          2,
          1,
          2,
          0
        ],
        "true_labels": [
          1,
          3,
          0,
          3,
          3,
          1,
          1,
          3,
          0,
          1,
          3,
          3,
          3,
          1,
          0,
          3,
          3,
          1,
          3,
          0,
          3,
          3,
          2,
          3,
          3,
          3,
          0,
          3,
          3,
          1,
          3,
          3
        ]
      },
      "avg_entity_text_similarity": 0.6671273656199479,
      "entity_text_similarities": [
        0.7832041339046659,
        0.6395107813987395,
        0.7185316136360059,
        0.5844720252276052,
        0.6794413985134676,
        0.6667838457049958,
        0.5855939252625499,
        0.6745343085570175,
        0.8041601750798975,
        0.6619042439077485,
        0.6203455600456678,
        0.5183105231430817,
        0.6627495220015475,
        0.6471448504196466,
        0.6509884466752014,
        0.6898227314448468,
        0.6936427945866228,
        0.6316813812116631,
        0.610149590737243,
        0.7640992926060239,
        0.720162913344277,
        0.7887861271387517,
        0.6596337159031356,
        0.6736044646018776,
        0.662711203263025,
        0.6312942718172916,
        0.7077505590349176,
        0.626777116377901,
        0.6256182525234191,
        0.6775946547750695,
        0.6261677641752121,
        0.6609035128192188
      ],
      "unique_entity_types": 4
    },
    "relation_extraction": {
      "graph_density": 0.031746031746031744,
      "avg_path_length": 0.0,
      "clustering_coefficient": 0.1904761904761905,
      "relation_coherence": 0.6440424255912035,
      "num_nodes": 28,
      "num_edges": 24
    },
    "embedding_quality": {
      "avg_pairwise_similarity": 0.6527431761818034,
      "embedding_variance": 0.15675258111157328,
      "norm_mean": 19.43888065894438,
      "norm_std": 0.23820005945927802,
      "embedding_dimension": 768
    }
  },
  "overall_scores": {
    "semantic_similarity_score": 0.3623052238633643,
    "clustering_score": 0.3285193868319692,
    "entity_recognition_score": 0.38469880351989116,
    "knowledge_graph_score": 0.3242836369031481,
    "embedding_quality_score": 0.18960464237363886,
    "composite_score": 0.3178823386984023
  }
}