{
  "model_name": "nomic-embed-text",
  "device": "ollama",
  "embedding_dimension": 768,
  "evaluations": {
    "semantic_similarity": {
      "accuracy": 0.26666666666666666,
      "correlation": -0.521880447295961,
      "mae": 0.24304306957302899,
      "computed_similarities": [
        0.47441326240446174,
        0.3348534250447852,
        0.7309930213378092,
        0.5365598152003108,
        0.5071423111014282,
        0.6145839323738507,
        0.7242267193377535,
        0.6096976877182025,
        0.442296233969398,
        0.604752426977121,
        0.8770503609620053,
        0.5104235650715773,
        0.38772844113618576,
        0.4552753920170921,
        0.6199489803064551
      ],
      "expected_similarities": [
        0.85,
        0.8,
        0.7,
        0.75,
        0.95,
        0.65,
        0.8,
        0.75,
        0.85,
        0.6,
        0.7,
        0.65,
        0.9,
        0.95,
        0.75
      ]
    },
    "clustering": {
      "silhouette_score": 0.08140092533363516,
      "cluster_coherence": 0.5312416630906481,
      "cluster_separation": 0.6005712401899793,
      "n_clusters": 8,
      "predicted_labels": [
        0,
        0,
        1,
        1,
        0,
        0,
        3,
        0,
        2,
        5,
        4,
        2,
        2,
        2,
        4,
        1,
        4,
        1,
        0,
        1,
        3,
        3,
        1,
        5,
        5,
        1,
        7,
        5,
        3,
        7,
        1,
        6,
        6,
        6,
        1,
        7,
        4,
        7,
        0,
        0
      ],
      "true_labels": [
        0,
        0,
        0,
        0,
        0,
        1,
        1,
        1,
        1,
        1,
        2,
        2,
        2,
        2,
        2,
        3,
        3,
        3,
        3,
        3,
        4,
        4,
        4,
        4,
        4,
        5,
        5,
        5,
        5,
        5,
        6,
        6,
        6,
        6,
        6,
        7,
        7,
        7,
        7,
        7
      ]
    },
    "entity_recognition": {
      "entity_clustering": {
        "silhouette_score": 0.1952190094884571,
        "cluster_coherence": 0.6049796125621616,
        "cluster_separation": 0.5754315898425728,
        "n_clusters": 4,
        "predicted_labels": [
          0,
          1,
          0,
          3,
          2,
          0,
          0,
          2,
          1,
          0,
          1,
          1,
          2,
          0,
          1,
          3,
          3,
          0,
          1,
          3,
          1,
          2,
          0,
          2,
          1,
          1,
          1,
          1,
          2,
          0,
          1,
          3
        ],
        "true_labels": [
          1,
          2,
          0,
          2,
          2,
          1,
          1,
          2,
          0,
          1,
          2,
          2,
          2,
          1,
          0,
          2,
          2,
          1,
          2,
          0,
          2,
          2,
          3,
          2,
          2,
          2,
          0,
          2,
          2,
          1,
          2,
          2
        ]
      },
      "avg_entity_text_similarity": 0.6866381549662104,
      "entity_text_similarities": [
        0.7810897790271156,
        0.6755135769911941,
        0.7333733255842212,
        0.6273018712839533,
        0.7289900321104117,
        0.7136904624767388,
        0.5888851803968427,
        0.6567892865412113,
        0.7592499721822576,
        0.7586939950330334,
        0.6466939795122544,
        0.5297424479744817,
        0.7635366896023698,
        0.7167153514244923,
        0.6101419764646838,
        0.772098219337586,
        0.7601547895491634,
        0.7223339507759817,
        0.580955528507846,
        0.8312077287742298,
        0.7675148770712934,
        0.718347511996355,
        0.610794396277006,
        0.6410752730772891,
        0.6479826769711303,
        0.6094630871932842,
        0.7463042463738874,
        0.5951110282868494,
        0.6627240241049551,
        0.6568806530591212,
        0.631881445015917,
        0.7271835959415778
      ],
      "unique_entity_types": 4
    },
    "relation_extraction": {
      "graph_density": 0.031746031746031744,
      "avg_path_length": 0.0,
      "clustering_coefficient": 0.1904761904761905,
      "relation_coherence": 0.4636563272467056,
      "num_nodes": 28,
      "num_edges": 24
    },
    "embedding_quality": {
      "avg_pairwise_similarity": 0.4022611937257957,
      "embedding_variance": 0.3706152191539271,
      "norm_mean": 22.792868122241526,
      "norm_std": 0.35908329657714166,
      "embedding_dimension": 768
    }
  },
  "overall_scores": {
    "semantic_similarity_score": 0.0493058738336765,
    "clustering_score": 0.32018720963200786,
    "entity_recognition_score": 0.3917866676795584,
    "knowledge_graph_score": 0.2521291975653489,
    "embedding_quality_score": 0.3550063468554971,
    "composite_score": 0.2736830591132177
  }
}