{
  "model_name": "deepseek-r1:latest",
  "device": "ollama",
  "embedding_dimension": 4096,
  "evaluations": {
    "semantic_similarity": {
      "accuracy": 0.2,
      "correlation": 0.12116391589221927,
      "mae": 0.18679657593563417,
      "computed_similarities": [
        0.9679656508777941,
        0.9744545593467396,
        0.9876313298528148,
        0.9907134692589115,
        0.8992996927051601,
        0.9862897568361995,
        0.9331399705823322,
        0.9847456834334567,
        0.9783405231010064,
        0.958678453326212,
        0.9710444940756516,
        0.7941531274957262,
        0.9635198214742637,
        0.9871832948980653,
        0.9733881971804996
      ],
      "expected_similarities": [
        0.85,
        0.8,
        0.7,
        0.75,
        0.95,
        0.65,
        0.8,
        0.75,
        0.85,
        0.6,
        0.7,
        0.65,
        0.9,
        0.95,
        0.75
      ]
    },
    "clustering": {
      "silhouette_score": 0.0729576381121592,
      "cluster_coherence": 0.9718735265838262,
      "cluster_separation": 0.05456950929038657,
      "n_clusters": 8,
      "predicted_labels": [
        2,
        4,
        1,
        1,
        4,
        1,
        1,
        4,
        2,
        4,
        0,
        3,
        0,
        4,
        0,
        4,
        5,
        0,
        4,
        4,
        5,
        6,
        4,
        0,
        1,
        7,
        0,
        0,
        3,
        3,
        1,
        4,
        3,
        3,
        4,
        3,
        4,
        4,
        4,
        4
      ],
      "true_labels": [
        0,
        0,
        0,
        0,
        0,
        1,
        1,
        1,
        1,
        1,
        2,
        2,
        2,
        2,
        2,
        3,
        3,
        3,
        3,
        3,
        4,
        4,
        4,
        4,
        4,
        5,
        5,
        5,
        5,
        5,
        6,
        6,
        6,
        6,
        6,
        7,
        7,
        7,
        7,
        7
      ]
    },
    "entity_recognition": {
      "entity_clustering": {
        "silhouette_score": 0.3031850561476531,
        "cluster_coherence": 0.957177043499653,
        "cluster_separation": 0.07591036468405798,
        "n_clusters": 4,
        "predicted_labels": [
          1,
          2,
          2,
          0,
          0,
          1,
          1,
          0,
          2,
          1,
          0,
          0,
          2,
          1,
          2,
          0,
          0,
          1,
          0,
          2,
          0,
          0,
          3,
          0,
          3,
          3,
          2,
          0,
          2,
          1,
          0,
          0
        ],
        "true_labels": [
          1,
          3,
          0,
          3,
          3,
          1,
          1,
          3,
          0,
          1,
          3,
          3,
          3,
          1,
          0,
          3,
          3,
          1,
          3,
          0,
          3,
          3,
          2,
          3,
          3,
          3,
          0,
          3,
          3,
          1,
          3,
          3
        ]
      },
      "avg_entity_text_similarity": 0.8160614790197713,
      "entity_text_similarities": [
        0.8516255303224822,
        0.8424318736721568,
        0.8712147858480231,
        0.837818504789592,
        0.813188756528083,
        0.8425999908735369,
        0.8580361325114576,
        0.8470737287071062,
        0.8679204382977151,
        0.8297289491187896,
        0.8117624518163424,
        0.8242462562977921,
        0.8448969948579615,
        0.8701501392760462,
        0.8897986077205889,
        0.8137582395946724,
        0.789063433958709,
        0.7939386929099602,
        0.8029713500554002,
        0.7981492944317039,
        0.8441501982505435,
        0.8401500259087706,
        0.84743583469016,
        0.8439499977868085,
        0.7040088128327638,
        0.6449840727128324,
        0.7329904910606669,
        0.6522735868711582,
        0.8345349471070316,
        0.8165190798908717,
        0.8293278267265928,
        0.8232683032063624
      ],
      "unique_entity_types": 4
    },
    "relation_extraction": {
      "graph_density": 0.031746031746031744,
      "avg_path_length": 0.0,
      "clustering_coefficient": 0.1904761904761905,
      "relation_coherence": 0.9555240151860671,
      "num_nodes": 28,
      "num_edges": 24
    },
    "embedding_quality": {
      "avg_pairwise_similarity": 0.9587619155596825,
      "embedding_variance": 0.8900617995890568,
      "norm_mean": 286.66838257799185,
      "norm_std": 25.488764872631222,
      "embedding_dimension": 4096
    }
  },
  "overall_scores": {
    "semantic_similarity_score": 0.2911062511697609,
    "clustering_score": 0.33895477888930475,
    "entity_recognition_score": 0.5083356252965004,
    "knowledge_graph_score": 0.4488762727410936,
    "embedding_quality_score": 0.31018790280871283,
    "composite_score": 0.3794921661810745
  }
}