{
  "model_name": "llama3.2:latest",
  "device": "ollama",
  "embedding_dimension": 3072,
  "evaluations": {
    "semantic_similarity": {
      "accuracy": 0.26666666666666666,
      "correlation": -0.05377677578241356,
      "mae": 0.17932687499172392,
      "computed_similarities": [
        0.7562005629016941,
        0.6184695113899134,
        0.8637373230670381,
        0.8845690450466684,
        0.26811123446815627,
        0.8490438163454093,
        0.6583897137419441,
        0.7991060839997876,
        0.6405345089680003,
        0.40205416777431946,
        0.6192078949038736,
        0.5991151593447293,
        0.7268429877965815,
        0.8341948320811327,
        0.5334325702126996
      ],
      "expected_similarities": [
        0.85,
        0.8,
        0.7,
        0.75,
        0.95,
        0.65,
        0.8,
        0.75,
        0.85,
        0.6,
        0.7,
        0.65,
        0.9,
        0.95,
        0.75
      ]
    },
    "clustering": {
      "silhouette_score": 0.04425803449137234,
      "cluster_coherence": 0.7259344833210842,
      "cluster_separation": 0.5595546301871936,
      "n_clusters": 8,
      "predicted_labels": [
        0,
        0,
        6,
        5,
        2,
        1,
        1,
        0,
        0,
        0,
        1,
        2,
        1,
        1,
        1,
        5,
        2,
        5,
        0,
        0,
        2,
        4,
        0,
        1,
        1,
        3,
        7,
        1,
        2,
        2,
        3,
        1,
        0,
        0,
        0,
        2,
        0,
        2,
        0,
        0
      ],
      "true_labels": [
        0,
        0,
        0,
        0,
        0,
        1,
        1,
        1,
        1,
        1,
        2,
        2,
        2,
        2,
        2,
        3,
        3,
        3,
        3,
        3,
        4,
        4,
        4,
        4,
        4,
        5,
        5,
        5,
        5,
        5,
        6,
        6,
        6,
        6,
        6,
        7,
        7,
        7,
        7,
        7
      ]
    },
    "entity_recognition": {
      "entity_clustering": {
        "silhouette_score": 0.2738192865565038,
        "cluster_coherence": 0.6800058430936391,
        "cluster_separation": 0.5276612640802395,
        "n_clusters": 4,
        "predicted_labels": [
          1,
          3,
          3,
          0,
          0,
          1,
          1,
          0,
          3,
          1,
          0,
          0,
          0,
          1,
          3,
          0,
          0,
          1,
          0,
          3,
          0,
          0,
          2,
          0,
          2,
          2,
          3,
          0,
          2,
          1,
          0,
          0
        ],
        "true_labels": [
          1,
          3,
          0,
          3,
          3,
          1,
          1,
          3,
          0,
          1,
          3,
          3,
          3,
          1,
          0,
          3,
          3,
          1,
          3,
          0,
          3,
          3,
          2,
          3,
          3,
          3,
          0,
          3,
          3,
          1,
          3,
          3
        ]
      },
      "avg_entity_text_similarity": 0.40948213177883075,
      "entity_text_similarities": [
        0.4377222050366778,
        0.3049210564214988,
        0.4962646620115607,
        0.38803932298743393,
        0.441393757755527,
        0.4408500441591813,
        0.43642404575548044,
        0.3841350595309726,
        0.5128064697995505,
        0.40213775357099046,
        0.38915904137313195,
        0.377910010831523,
        0.35179621220115637,
        0.4108916082686097,
        0.4887717844207955,
        0.3819605707967942,
        0.48574923871609366,
        0.421832579809038,
        0.408990945983219,
        0.5328129254609353,
        0.4615763849110818,
        0.35024393783169805,
        0.4415793758093811,
        0.28161189313667084,
        0.4289208965996167,
        0.18264600516877355,
        0.47464343431929457,
        0.32647706253535613,
        0.44355031722258964,
        0.3789748180523297,
        0.3754020770020879,
        0.4632327194435336
      ],
      "unique_entity_types": 4
    },
    "relation_extraction": {
      "graph_density": 0.031746031746031744,
      "avg_path_length": 0.0,
      "clustering_coefficient": 0.1904761904761905,
      "relation_coherence": 0.606200307248623,
      "num_nodes": 28,
      "num_edges": 24
    },
    "embedding_quality": {
      "avg_pairwise_similarity": 0.5357241949470215,
      "embedding_variance": 0.897736996414212,
      "norm_mean": 80.32630700475148,
      "norm_std": 3.84704578285998,
      "embedding_dimension": 3072
    }
  },
  "overall_scores": {
    "semantic_similarity_score": 0.24929058135535645,
    "clustering_score": 0.35182028827945017,
    "entity_recognition_score": 0.3280844246454346,
    "knowledge_graph_score": 0.3091467895661159,
    "embedding_quality_score": 0.4693992386367342,
    "composite_score": 0.3415482644966183
  }
}