{
  "model_name": "mxbai-embed-large",
  "device": "ollama",
  "embedding_dimension": 1024,
  "evaluations": {
    "semantic_similarity": {
      "accuracy": 0.4,
      "correlation": -0.6799515707248401,
      "mae": 0.1879451846054811,
      "computed_similarities": [
        0.5810956754970602,
        0.48556238939134694,
        0.7763243350923392,
        0.7781258177511468,
        0.5229535019840573,
        0.7631962750656666,
        0.7157998353416584,
        0.6684448304374606,
        0.5883449333142472,
        0.7914530732369641,
        0.8697423915789259,
        0.577153668217458,
        0.5650846048789502,
        0.5719200742704518,
        0.7333046103101355
      ],
      "expected_similarities": [
        0.85,
        0.8,
        0.7,
        0.75,
        0.95,
        0.65,
        0.8,
        0.75,
        0.85,
        0.6,
        0.7,
        0.65,
        0.9,
        0.95,
        0.75
      ]
    },
    "clustering": {
      "silhouette_score": 0.08182232075207088,
      "cluster_coherence": 0.653269170844303,
      "cluster_separation": 0.4862176554568938,
      "n_clusters": 8,
      "predicted_labels": [
        4,
        1,
        3,
        5,
        4,
        7,
        4,
        4,
        4,
        3,
        0,
        6,
        6,
        6,
        0,
        5,
        4,
        5,
        1,
        5,
        7,
        7,
        3,
        3,
        3,
        5,
        3,
        3,
        7,
        3,
        5,
        2,
        2,
        2,
        5,
        1,
        1,
        3,
        1,
        4
      ],
      "true_labels": [
        0,
        0,
        0,
        0,
        0,
        1,
        1,
        1,
        1,
        1,
        2,
        2,
        2,
        2,
        2,
        3,
        3,
        3,
        3,
        3,
        4,
        4,
        4,
        4,
        4,
        5,
        5,
        5,
        5,
        5,
        6,
        6,
        6,
        6,
        6,
        7,
        7,
        7,
        7,
        7
      ]
    },
    "entity_recognition": {
      "entity_clustering": {
        "silhouette_score": 0.19112833275318247,
        "cluster_coherence": 0.7078416214689506,
        "cluster_separation": 0.4769663052212241,
        "n_clusters": 4,
        "predicted_labels": [
          2,
          2,
          2,
          0,
          3,
          2,
          2,
          3,
          0,
          2,
          1,
          1,
          1,
          2,
          1,
          0,
          0,
          2,
          1,
          0,
          1,
          1,
          2,
          1,
          1,
          1,
          1,
          1,
          1,
          2,
          1,
          0
        ],
        "true_labels": [
          1,
          0,
          2,
          0,
          0,
          1,
          1,
          0,
          2,
          1,
          0,
          0,
          0,
          1,
          2,
          0,
          0,
          1,
          0,
          2,
          0,
          0,
          3,
          0,
          0,
          0,
          2,
          0,
          0,
          1,
          0,
          0
        ]
      },
      "avg_entity_text_similarity": 0.6828344625080371,
      "entity_text_similarities": [
        0.791262560726556,
        0.6470573740741532,
        0.6824611152883738,
        0.6681898022031305,
        0.6681067957364302,
        0.7193341790470525,
        0.700320653912606,
        0.6200250491081483,
        0.744466478964999,
        0.7579520148425162,
        0.692496843822545,
        0.5535107762173483,
        0.6833889459198774,
        0.7039808593952761,
        0.6553724883762949,
        0.7224867623789468,
        0.7167489334504122,
        0.7293460953389055,
        0.5888895957715052,
        0.8023086176677887,
        0.727338885416505,
        0.7262889664267209,
        0.7272315403187507,
        0.6328623883970113,
        0.5833380397756884,
        0.5456757344749336,
        0.783468520308051,
        0.6335574523864336,
        0.6060976413688737,
        0.6801137119323909,
        0.6442659953055413,
        0.7127579819034211
      ],
      "unique_entity_types": 4
    },
    "relation_extraction": {
      "graph_density": 0.031746031746031744,
      "avg_path_length": 0.0,
      "clustering_coefficient": 0.1904761904761905,
      "relation_coherence": 0.5784637716994507,
      "num_nodes": 28,
      "num_edges": 24
    },
    "embedding_quality": {
      "avg_pairwise_similarity": 0.5213062292443551,
      "embedding_variance": 0.13000496000772377,
      "norm_mean": 17.396276708413748,
      "norm_std": 0.6543586148554088,
      "embedding_dimension": 1024
    }
  },
  "overall_scores": {
    "semantic_similarity_score": 0.050430334788967746,
    "clustering_score": 0.3341354427207051,
    "entity_recognition_score": 0.38781078465512436,
    "knowledge_graph_score": 0.29805217534644696,
    "embedding_quality_score": 0.24176345606266103,
    "composite_score": 0.26243843871478106
  }
}