{
  "model_name": "llama3.1:latest",
  "device": "ollama",
  "embedding_dimension": 4096,
  "evaluations": {
    "semantic_similarity": {
      "accuracy": 0.4,
      "correlation": -0.39441074629591727,
      "mae": 0.1538802334319735,
      "computed_similarities": [
        0.8219884850371305,
        0.7883690574766027,
        0.9225362809591973,
        0.9019668508385772,
        0.5421820074554694,
        0.8479278893894189,
        0.605863963966729,
        0.7972195483276239,
        0.6186904898890994,
        0.7707436696328518,
        0.6049637343012249,
        0.6548064302353356,
        0.5331835022915323,
        0.779373090489347,
        0.7423828369962668
      ],
      "expected_similarities": [
        0.85,
        0.8,
        0.7,
        0.75,
        0.95,
        0.65,
        0.8,
        0.75,
        0.85,
        0.6,
        0.7,
        0.65,
        0.9,
        0.95,
        0.75
      ]
    },
    "clustering": {
      "silhouette_score": 0.10081913475177533,
      "cluster_coherence": 0.7505258455889023,
      "cluster_separation": 0.4389005871546083,
      "n_clusters": 8,
      "predicted_labels": [
        3,
        2,
        1,
        3,
        7,
        3,
        3,
        4,
        2,
        0,
        1,
        5,
        0,
        0,
        0,
        3,
        1,
        4,
        4,
        4,
        6,
        6,
        4,
        0,
        7,
        3,
        0,
        4,
        1,
        1,
        3,
        3,
        5,
        2,
        2,
        1,
        4,
        0,
        0,
        4
      ],
      "true_labels": [
        0,
        0,
        0,
        0,
        0,
        1,
        1,
        1,
        1,
        1,
        2,
        2,
        2,
        2,
        2,
        3,
        3,
        3,
        3,
        3,
        4,
        4,
        4,
        4,
        4,
        5,
        5,
        5,
        5,
        5,
        6,
        6,
        6,
        6,
        6,
        7,
        7,
        7,
        7,
        7
      ]
    }
  },
  "error": "setting an array element with a sequence. The requested array has an inhomogeneous shape after 1 dimensions. The detected shape was (32,) + inhomogeneous part."
}